{
  "total": 206,
  "ok_rate": 0.9174757281553398,
  "url_hit_rate": 0.6455026455026455,
  "prefix_hit_rate": 0.7619047619047619,
  "domain_hit_rate": 0.9682539682539683,
  "mean_mrr": 0.6350111088206325,
  "mean_ndcg5": 1.3528876424211513,
  "mean_claims": 5.893203883495145,
  "mean_latency_s": 3.9253774788773175,
  "negative_fp_rate": 0.29411764705882354,
  "by_path": {
    "question": {
      "total": 116,
      "ok_rate": 0.9224137931034483,
      "url_hit_rate": 0.603448275862069,
      "prefix_hit_rate": 0.75,
      "mean_mrr": 0.6415229885057471,
      "mean_ndcg5": 1.2868937478753346
    },
    "endpoint_path": {
      "total": 29,
      "ok_rate": 0.8620689655172413,
      "url_hit_rate": 0.5172413793103449,
      "prefix_hit_rate": 0.5172413793103449,
      "mean_mrr": 0.5,
      "mean_ndcg5": 0.9737064538854127
    },
    "error_message": {
      "total": 32,
      "ok_rate": 1.0,
      "url_hit_rate": 0.65625,
      "prefix_hit_rate": 0.8125,
      "mean_mrr": 0.625,
      "mean_ndcg5": 1.3233161858166576
    },
    "code_snippet": {
      "total": 14,
      "ok_rate": 1.0,
      "url_hit_rate": 0.6428571428571429,
      "prefix_hit_rate": 0.6428571428571429,
      "mean_mrr": 0.4588744588744588,
      "mean_ndcg5": 1.4956659387446491
    },
    "request_payload": {
      "total": 15,
      "ok_rate": 0.7333333333333333,
      "url_hit_rate": 0.4666666666666667,
      "prefix_hit_rate": 0.4666666666666667,
      "mean_mrr": 0.31174603174603177,
      "mean_ndcg5": 0.9928774275215838
    }
  }
}