{
  "total": 206,
  "ok_rate": 0.9174757281553398,
  "url_hit_rate": 0.6507936507936508,
  "prefix_hit_rate": 0.7724867724867724,
  "domain_hit_rate": 0.9682539682539683,
  "mean_mrr": 0.6301757178741306,
  "mean_ndcg5": 1.3474581892550936,
  "mean_claims": 5.796116504854369,
  "mean_latency_s": 3.7247410491832253,
  "negative_fp_rate": 0.29411764705882354,
  "by_path": {
    "question": {
      "total": 116,
      "ok_rate": 0.9224137931034483,
      "url_hit_rate": 0.603448275862069,
      "prefix_hit_rate": 0.7586206896551724,
      "mean_mrr": 0.626399151614669,
      "mean_ndcg5": 1.2734042518546804
    },
    "endpoint_path": {
      "total": 29,
      "ok_rate": 0.8620689655172413,
      "url_hit_rate": 0.5517241379310345,
      "prefix_hit_rate": 0.5517241379310345,
      "mean_mrr": 0.4896551724137931,
      "mean_ndcg5": 0.9978903415306729
    },
    "error_message": {
      "total": 32,
      "ok_rate": 1.0,
      "url_hit_rate": 0.65625,
      "prefix_hit_rate": 0.8125,
      "mean_mrr": 0.6640625,
      "mean_ndcg5": 1.3104187529509823
    },
    "code_snippet": {
      "total": 14,
      "ok_rate": 1.0,
      "url_hit_rate": 0.6428571428571429,
      "prefix_hit_rate": 0.6428571428571429,
      "mean_mrr": 0.44935064935064933,
      "mean_ndcg5": 1.4916249675744542
    },
    "request_payload": {
      "total": 15,
      "ok_rate": 0.7333333333333333,
      "url_hit_rate": 0.4666666666666667,
      "prefix_hit_rate": 0.4666666666666667,
      "mean_mrr": 0.31333333333333335,
      "mean_ndcg5": 1.0133156672804324
    }
  }
}