{
  "benchmark": "reranker",
  "timestamp": "2026-03-07T17:34:47Z",
  "config": {
    "queries": 163,
    "candidate_pool": 30,
    "top_n": 5
  },
  "results": [
    {
      "model": "cross-encoder/ms-marco-MiniLM-L-12-v2",
      "backend": "cross-encoder",
      "mrr": {
        "mean": 0.4801635991820041,
        "ci_low": 0.41002044989775055,
        "ci_high": 0.5505112474437628
      },
      "ndcg5": {
        "mean": 1.2391716404715887,
        "ci_low": 1.1589478914308633,
        "ci_high": 1.3119623778204448
      },
      "hit5": {
        "mean": 0.5950920245398773,
        "ci_low": 0.5153374233128835,
        "ci_high": 0.6687116564417178
      },
      "mean_latency_ms": 73.85624213005744
    },
    {
      "model": "tomaarsen/Qwen3-Reranker-0.6B-seq-cls",
      "backend": "qwen3",
      "mrr": {
        "mean": 0.48507157464212675,
        "ci_low": 0.4186094069529652,
        "ci_high": 0.55439672801636
      },
      "ndcg5": {
        "mean": 1.2377255397303288,
        "ci_low": 1.1572590395242572,
        "ci_high": 1.3126310818887186
      },
      "hit5": {
        "mean": 0.6073619631901841,
        "ci_low": 0.5337423312883436,
        "ci_high": 0.6809815950920244
      },
      "mean_latency_ms": 693.1570625511578
    },
    {
      "model": "ms-marco-MiniLM-L-12-v2",
      "backend": "flashrank",
      "mrr": {
        "mean": 0.4801635991820041,
        "ci_low": 0.41165644171779137,
        "ci_high": 0.5509875326703042
      },
      "ndcg5": {
        "mean": 1.2396875127820786,
        "ci_low": 1.1603752239519236,
        "ci_high": 1.3125230352604438
      },
      "hit5": {
        "mean": 0.5950920245398773,
        "ci_low": 0.5214723926380368,
        "ci_high": 0.6687116564417178
      },
      "mean_latency_ms": 685.4604129629159
    }
  ],
  "comparisons": [
    {
      "baseline": "cross-encoder/ms-marco-MiniLM-L-12-v2",
      "challenger": "tomaarsen/Qwen3-Reranker-0.6B-seq-cls",
      "mrr_diff": 0.00540540540540535,
      "p_value": 0.857,
      "significant": false
    },
    {
      "baseline": "cross-encoder/ms-marco-MiniLM-L-12-v2",
      "challenger": "ms-marco-MiniLM-L-12-v2",
      "mrr_diff": 0.0,
      "p_value": 1.0,
      "significant": false
    }
  ]
}
