{
  "benchmark": "reranker",
  "timestamp": "2026-03-08T00:15:37Z",
  "config": {
    "queries": 163,
    "candidate_pool": 30,
    "top_n": 5
  },
  "results": [
    {
      "model": "cross-encoder/ms-marco-MiniLM-L-12-v2",
      "backend": "cross-encoder",
      "mrr": {
        "mean": 0.4805725971370144,
        "ci_low": 0.40899795501022496,
        "ci_high": 0.5501022494887526
      },
      "ndcg5": {
        "mean": 1.2249978857670332,
        "ci_low": 1.1442695024178373,
        "ci_high": 1.2973158374708817
      },
      "hit5": {
        "mean": 0.5766871165644172,
        "ci_low": 0.49693251533742333,
        "ci_high": 0.6503067484662577
      },
      "mean_latency_ms": 75.69811357235587
    },
    {
      "model": "tomaarsen/Qwen3-Reranker-0.6B-seq-cls",
      "backend": "qwen3",
      "mrr": {
        "mean": 0.5023517382413089,
        "ci_low": 0.43266552478620046,
        "ci_high": 0.5692229038854806
      },
      "ndcg5": {
        "mean": 1.2511979689031028,
        "ci_low": 1.1703596070484483,
        "ci_high": 1.324287694551571
      },
      "hit5": {
        "mean": 0.6319018404907976,
        "ci_low": 0.558282208588957,
        "ci_high": 0.7055214723926382
      },
      "mean_latency_ms": 2038.3475174359673
    },
    {
      "model": "jinaai/jina-reranker-v3",
      "backend": "jina-v3",
      "mrr": {
        "mean": 0.5564417177914109,
        "ci_low": 0.4879345603271984,
        "ci_high": 0.6251533742331289
      },
      "ndcg5": {
        "mean": 1.289008472456359,
        "ci_low": 1.2072963534096834,
        "ci_high": 1.3645787703410752
      },
      "hit5": {
        "mean": 0.6687116564417178,
        "ci_low": 0.5950920245398773,
        "ci_high": 0.7423312883435583
      },
      "mean_latency_ms": 218.44456904895
    },
    {
      "model": "ms-marco-MiniLM-L-12-v2",
      "backend": "flashrank",
      "mrr": {
        "mean": 0.47760736196319015,
        "ci_low": 0.40756906866516907,
        "ci_high": 0.5485685071574642
      },
      "ndcg5": {
        "mean": 1.2274996254197554,
        "ci_low": 1.1475195603117119,
        "ci_high": 1.3007603435077406
      },
      "hit5": {
        "mean": 0.5766871165644172,
        "ci_low": 0.49693251533742333,
        "ci_high": 0.6503067484662577
      },
      "mean_latency_ms": 697.5644590974962
    }
  ],
  "comparisons": [
    {
      "baseline": "cross-encoder/ms-marco-MiniLM-L-12-v2",
      "challenger": "tomaarsen/Qwen3-Reranker-0.6B-seq-cls",
      "mrr_diff": 0.02398648648648649,
      "p_value": 0.3608,
      "significant": false
    },
    {
      "baseline": "cross-encoder/ms-marco-MiniLM-L-12-v2",
      "challenger": "jinaai/jina-reranker-v3",
      "mrr_diff": 0.08355855855855854,
      "p_value": 0.0014,
      "significant": true
    },
    {
      "baseline": "cross-encoder/ms-marco-MiniLM-L-12-v2",
      "challenger": "ms-marco-MiniLM-L-12-v2",
      "mrr_diff": -0.00326576576576576,
      "p_value": 0.7824,
      "significant": false
    }
  ]
}
