{
  "baseline": {
    "total": 200,
    "ok_rate": 0.915,
    "url_hit_rate": 0.6284153005464481,
    "prefix_hit_rate": 0.73224043715847,
    "domain_hit_rate": 0.9672131147540983,
    "mean_mrr": 0.6198759649579321,
    "mean_ndcg5": 1.334947872190191,
    "mean_claims": 5.36,
    "mean_latency_s": 2.804691617488861,
    "negative_fp_rate": 0.29411764705882354,
    "by_path": {
      "question": {
        "total": 112,
        "ok_rate": 0.9196428571428571,
        "url_hit_rate": 0.6071428571428571,
        "prefix_hit_rate": 0.7232142857142857,
        "mean_mrr": 0.6421130952380951,
        "mean_ndcg5": 1.306436241187927
      },
      "endpoint_path": {
        "total": 29,
        "ok_rate": 0.8620689655172413,
        "url_hit_rate": 0.5172413793103449,
        "prefix_hit_rate": 0.5172413793103449,
        "mean_mrr": 0.4540229885057472,
        "mean_ndcg5": 0.9422335746571704
      },
      "error_message": {
        "total": 30,
        "ok_rate": 1.0,
        "url_hit_rate": 0.6333333333333333,
        "prefix_hit_rate": 0.8333333333333334,
        "mean_mrr": 0.6283333333333334,
        "mean_ndcg5": 1.2753801348519553
      },
      "code_snippet": {
        "total": 14,
        "ok_rate": 1.0,
        "url_hit_rate": 0.42857142857142855,
        "prefix_hit_rate": 0.42857142857142855,
        "mean_mrr": 0.33163265306122447,
        "mean_ndcg5": 1.339024422000593
      },
      "request_payload": {
        "total": 15,
        "ok_rate": 0.7333333333333333,
        "url_hit_rate": 0.4666666666666667,
        "prefix_hit_rate": 0.4666666666666667,
        "mean_mrr": 0.32407407407407407,
        "mean_ndcg5": 0.9094721319421519
      }
    }
  },
  "bug1_augmentation": {
    "total": 200,
    "ok_rate": 0.915,
    "url_hit_rate": 0.6229508196721312,
    "prefix_hit_rate": 0.726775956284153,
    "domain_hit_rate": 0.9672131147540983,
    "mean_mrr": 0.6185098447393529,
    "mean_ndcg5": 1.326729548862062,
    "mean_claims": 5.215,
    "mean_latency_s": 2.8023742604255677,
    "negative_fp_rate": 0.29411764705882354,
    "by_path": {
      "question": {
        "total": 112,
        "ok_rate": 0.9196428571428571,
        "url_hit_rate": 0.6071428571428571,
        "prefix_hit_rate": 0.7232142857142857,
        "mean_mrr": 0.6421130952380951,
        "mean_ndcg5": 1.306436241187927
      },
      "endpoint_path": {
        "total": 29,
        "ok_rate": 0.8620689655172413,
        "url_hit_rate": 0.5172413793103449,
        "prefix_hit_rate": 0.5172413793103449,
        "mean_mrr": 0.4540229885057472,
        "mean_ndcg5": 0.9422335746571704
      },
      "error_message": {
        "total": 30,
        "ok_rate": 1.0,
        "url_hit_rate": 0.6333333333333333,
        "prefix_hit_rate": 0.8333333333333334,
        "mean_mrr": 0.6283333333333334,
        "mean_ndcg5": 1.2753801348519553
      },
      "code_snippet": {
        "total": 14,
        "ok_rate": 1.0,
        "url_hit_rate": 0.35714285714285715,
        "prefix_hit_rate": 0.35714285714285715,
        "mean_mrr": 0.2602040816326531,
        "mean_ndcg5": 1.191491216515898
      },
      "request_payload": {
        "total": 15,
        "ok_rate": 0.7333333333333333,
        "url_hit_rate": 0.4666666666666667,
        "prefix_hit_rate": 0.4666666666666667,
        "mean_mrr": 0.37407407407407406,
        "mean_ndcg5": 0.946906245791358
      }
    }
  },
  "bug2_query_type_hint": {
    "total": 200,
    "ok_rate": 0.915,
    "url_hit_rate": 0.639344262295082,
    "prefix_hit_rate": 0.7431693989071039,
    "domain_hit_rate": 0.9672131147540983,
    "mean_mrr": 0.6264333420071124,
    "mean_ndcg5": 1.3469376845207846,
    "mean_claims": 5.415,
    "mean_latency_s": 2.7998081922531126,
    "negative_fp_rate": 0.29411764705882354,
    "by_path": {
      "question": {
        "total": 112,
        "ok_rate": 0.9196428571428571,
        "url_hit_rate": 0.6071428571428571,
        "prefix_hit_rate": 0.7232142857142857,
        "mean_mrr": 0.6421130952380951,
        "mean_ndcg5": 1.3077358341028888
      },
      "endpoint_path": {
        "total": 29,
        "ok_rate": 0.8620689655172413,
        "url_hit_rate": 0.5517241379310345,
        "prefix_hit_rate": 0.5517241379310345,
        "mean_mrr": 0.5057471264367815,
        "mean_ndcg5": 0.9737064538854127
      },
      "error_message": {
        "total": 30,
        "ok_rate": 1.0,
        "url_hit_rate": 0.6333333333333333,
        "prefix_hit_rate": 0.8333333333333334,
        "mean_mrr": 0.6283333333333334,
        "mean_ndcg5": 1.2818276816391978
      },
      "code_snippet": {
        "total": 14,
        "ok_rate": 1.0,
        "url_hit_rate": 0.5,
        "prefix_hit_rate": 0.5,
        "mean_mrr": 0.36734693877551017,
        "mean_ndcg5": 1.4311454531595518
      },
      "request_payload": {
        "total": 15,
        "ok_rate": 0.7333333333333333,
        "url_hit_rate": 0.4666666666666667,
        "prefix_hit_rate": 0.4666666666666667,
        "mean_mrr": 0.2707407407407408,
        "mean_ndcg5": 0.8863219261128933
      }
    }
  },
  "bug3_bm25_shortcut": {
    "total": 200,
    "ok_rate": 0.915,
    "url_hit_rate": 0.6284153005464481,
    "prefix_hit_rate": 0.73224043715847,
    "domain_hit_rate": 0.9672131147540983,
    "mean_mrr": 0.6198759649579321,
    "mean_ndcg5": 1.3264112370827517,
    "mean_claims": 5.315,
    "mean_latency_s": 2.7159587430953978,
    "negative_fp_rate": 0.29411764705882354,
    "by_path": {
      "question": {
        "total": 112,
        "ok_rate": 0.9196428571428571,
        "url_hit_rate": 0.6071428571428571,
        "prefix_hit_rate": 0.7232142857142857,
        "mean_mrr": 0.6421130952380951,
        "mean_ndcg5": 1.2924879891820213
      },
      "endpoint_path": {
        "total": 29,
        "ok_rate": 0.8620689655172413,
        "url_hit_rate": 0.5172413793103449,
        "prefix_hit_rate": 0.5172413793103449,
        "mean_mrr": 0.4540229885057472,
        "mean_ndcg5": 0.9422335746571704
      },
      "error_message": {
        "total": 30,
        "ok_rate": 1.0,
        "url_hit_rate": 0.6333333333333333,
        "prefix_hit_rate": 0.8333333333333334,
        "mean_mrr": 0.6283333333333334,
        "mean_ndcg5": 1.2753801348519553
      },
      "code_snippet": {
        "total": 14,
        "ok_rate": 1.0,
        "url_hit_rate": 0.42857142857142855,
        "prefix_hit_rate": 0.42857142857142855,
        "mean_mrr": 0.33163265306122447,
        "mean_ndcg5": 1.339024422000593
      },
      "request_payload": {
        "total": 15,
        "ok_rate": 0.7333333333333333,
        "url_hit_rate": 0.4666666666666667,
        "prefix_hit_rate": 0.4666666666666667,
        "mean_mrr": 0.32407407407407407,
        "mean_ndcg5": 0.9094721319421519
      }
    }
  },
  "bug4_blend_key": {
    "total": 200,
    "ok_rate": 0.915,
    "url_hit_rate": 0.6338797814207651,
    "prefix_hit_rate": 0.7431693989071039,
    "domain_hit_rate": 0.9672131147540983,
    "mean_mrr": 0.6162329777083875,
    "mean_ndcg5": 1.3342561503944148,
    "mean_claims": 5.36,
    "mean_latency_s": 2.8056091344356537,
    "negative_fp_rate": 0.29411764705882354,
    "by_path": {
      "question": {
        "total": 112,
        "ok_rate": 0.9196428571428571,
        "url_hit_rate": 0.6071428571428571,
        "prefix_hit_rate": 0.7321428571428571,
        "mean_mrr": 0.6376488095238094,
        "mean_ndcg5": 1.3039774617348365
      },
      "endpoint_path": {
        "total": 29,
        "ok_rate": 0.8620689655172413,
        "url_hit_rate": 0.5172413793103449,
        "prefix_hit_rate": 0.5172413793103449,
        "mean_mrr": 0.4540229885057472,
        "mean_ndcg5": 0.9422335746571704
      },
      "error_message": {
        "total": 30,
        "ok_rate": 1.0,
        "url_hit_rate": 0.6333333333333333,
        "prefix_hit_rate": 0.8333333333333334,
        "mean_mrr": 0.6283333333333334,
        "mean_ndcg5": 1.2753801348519553
      },
      "code_snippet": {
        "total": 14,