{
  "total": 206,
  "ok_rate": 0.9174757281553398,
  "url_hit_rate": 0.656084656084656,
  "prefix_hit_rate": 0.7724867724867724,
  "domain_hit_rate": 0.9682539682539683,
  "mean_mrr": 0.6406989395084633,
  "mean_ndcg5": 1.340758005726131,
  "mean_claims": 5.349514563106796,
  "mean_latency_s": 3.546368785274839,
  "negative_fp_rate": 0.29411764705882354,
  "by_path": {
    "question": {
      "total": 116,
      "ok_rate": 0.9224137931034483,
      "url_hit_rate": 0.6120689655172413,
      "prefix_hit_rate": 0.75,
      "mean_mrr": 0.6443965517241379,
      "mean_ndcg5": 1.2855987096900896
    },
    "endpoint_path": {
      "total": 29,
      "ok_rate": 0.8620689655172413,
      "url_hit_rate": 0.5517241379310345,
      "prefix_hit_rate": 0.5517241379310345,
      "mean_mrr": 0.5,
      "mean_ndcg5": 0.9714490443410772
    },
    "error_message": {
      "total": 32,
      "ok_rate": 1.0,
      "url_hit_rate": 0.65625,
      "prefix_hit_rate": 0.8125,
      "mean_mrr": 0.6484375,
      "mean_ndcg5": 1.2581688764237082
    },
    "code_snippet": {
      "total": 14,
      "ok_rate": 1.0,
      "url_hit_rate": 0.6428571428571429,
      "prefix_hit_rate": 0.6428571428571429,
      "mean_mrr": 0.44526901669758817,
      "mean_ndcg5": 1.4778087958875064
    },
    "request_payload": {
      "total": 15,
      "ok_rate": 0.7333333333333333,
      "url_hit_rate": 0.4666666666666667,
      "prefix_hit_rate": 0.5333333333333333,
      "mean_mrr": 0.3238888888888889,
      "mean_ndcg5": 1.0100708856208966
    }
  }
}