{
  "total": 206,
  "ok_rate": 0.912621359223301,
  "url_hit_rate": 0.6507936507936508,
  "prefix_hit_rate": 0.7777777777777778,
  "domain_hit_rate": 0.9682539682539683,
  "mean_mrr": 0.6316685372240926,
  "mean_ndcg5": 1.3536785519785812,
  "mean_claims": 6.053398058252427,
  "mean_latency_s": 4.305264161628427,
  "negative_fp_rate": 0.23529411764705882,
  "by_path": {
    "question": {
      "total": 116,
      "ok_rate": 0.9224137931034483,
      "url_hit_rate": 0.603448275862069,
      "prefix_hit_rate": 0.7672413793103449,
      "mean_mrr": 0.6363026819923371,
      "mean_ndcg5": 1.282567861799612
    },
    "endpoint_path": {
      "total": 29,
      "ok_rate": 0.8620689655172413,
      "url_hit_rate": 0.5517241379310345,
      "prefix_hit_rate": 0.5517241379310345,
      "mean_mrr": 0.5172413793103449,
      "mean_ndcg5": 1.0287131035570074
    },
    "error_message": {
      "total": 32,
      "ok_rate": 0.96875,
      "url_hit_rate": 0.65625,
      "prefix_hit_rate": 0.8125,
      "mean_mrr": 0.6078125,
      "mean_ndcg5": 1.2842386312628782
    },
    "code_snippet": {
      "total": 14,
      "ok_rate": 1.0,
      "url_hit_rate": 0.6428571428571429,
      "prefix_hit_rate": 0.6428571428571429,
      "mean_mrr": 0.4588744588744588,
      "mean_ndcg5": 1.4956659387446491
    },
    "request_payload": {
      "total": 15,
      "ok_rate": 0.7333333333333333,
      "url_hit_rate": 0.4666666666666667,
      "prefix_hit_rate": 0.4666666666666667,
      "mean_mrr": 0.31333333333333335,
      "mean_ndcg5": 1.0133156672804324
    }
  }
}