{
  "results": [
    {
      "config": "vector_no_rerank",
      "hit_rate": 0.4,
      "mean_recall": 0.4,
      "mean_latency_s": 0.7392555750149767,
      "p50_latency_s": 0.23321049992227927,
      "p90_latency_s": 0.2568181670503691,
      "errors": 0
    },
    {
      "config": "fts_no_rerank",
      "hit_rate": 0.3,
      "mean_recall": 0.3,
      "mean_latency_s": 0.17015213740523905,
      "p50_latency_s": 0.16828904149588197,
      "p90_latency_s": 0.17894345801323652,
      "errors": 0
    },
    {
      "config": "hybrid_no_rerank",
      "hit_rate": 0.35,
      "mean_recall": 0.35,
      "mean_latency_s": 0.20397806439432314,
      "p50_latency_s": 0.1957388125010766,
      "p90_latency_s": 0.23981779091991484,
      "errors": 0
    },
    {
      "config": "sqlite_fts5_pages",
      "hit_rate": 0.2,
      "mean_recall": 0.2,
      "mean_latency_s": 0.010744604340288788,
      "p50_latency_s": 0.005448187526781112,
      "p90_latency_s": 0.026904250029474497,
      "errors": 2
    }
  ],
  "queries": 20
}